step,mrosi,opsd,delta
75,50.0,43.333333,6.666667
125,53.333333,46.666667,6.666666
175,63.333333,53.333333,10.0
200,60.0,50.0,10.0
250,63.333333,46.666667,16.666666
350,56.666667,46.666667,10.0
450,60.0,43.333333,16.666667
500,56.666667,40.0,16.666667
